cluster_id,category,complaints,start_date,end_date,active_months,trend_raw,severity_mean,lat,lon,wards,outgoing_relation_strength,incoming_relation_strength,out_degree,in_degree,frequency_score,persistence_score,trend_score,severity_score,density_score,network_score,priority_score_v4,priority_rank,frequency_component,persistence_component,trend_component,severity_component,density_component,network_component,connected_categories,priority_score_v7,priority_level,recommended_action,why_priority,priority_rank_v7,municipal_insight
74,Waterlogging,57,2024-01-30,2026-07-23,29,0.0078947368421052,3.789473684210526,23.151652714035087,79.92897302807019,"12,13",1.418,1.593,2.0,2.0,91.8933405122194,100.0,1.3157894736842086,74.79224376731302,35.10971786833856,63.16341514579401,65.21,1,91.8933405122194,100.0,1.3157894736841993,74.79224376731302,35.10971786833856,63.163415145794,Drainage;Garbage Collection,65.08,HIGH,"Inspect drainage network, blockage points and recurring water-accumulation locations.",long persistence; high severity; high complaint frequency,1,"HIGH priority Waterlogging hotspot in ward(s) 12,13: 57 complaints across 29 active months. Associated problems: Drainage;Garbage Collection. Why: long persistence; high severity; high complaint frequency. Action: Inspect drainage network, blockage points and recurring water-accumulation locations."
7,Drainage,71,2024-01-01,2026-08-22,28,-0.00702160175127,2.816901408450704,23.15058634366197,79.92949537464789,"10,12,13,14",1.629,1.604,2.0,2.0,100.0,96.29629629629628,0.0,44.54478064559606,55.84415584415584,67.82043213761277,62.71,2,100.0,96.29629629629629,0.0,44.54478064559606,55.84415584415584,67.82043213761276,Garbage Collection;Waterlogging,62.32,HIGH,"Inspect drainage network, blockage points and recurring water-accumulation locations.",long persistence; high complaint frequency; strong connection to other urban problems,2,"HIGH priority Drainage hotspot in ward(s) 10,12,13,14: 71 complaints across 28 active months. Associated problems: Garbage Collection;Waterlogging. Why: long persistence; high complaint frequency; strong connection to other urban problems. Action: Inspect drainage network, blockage points and recurring water-accumulation locations."
20,Garbage Collection,71,2024-03-08,2026-08-07,26,-0.0036660452145576,2.915492957746479,23.15099944788733,79.92947910281691,"12,13,14",1.638,1.488,2.0,2.0,100.0,88.88888888888889,0.0,47.61102500168476,62.93706293706294,65.5758338577722,62.28,3,100.0,88.88888888888889,0.0,47.61102500168476,62.93706293706294,65.57583385777218,Drainage;Waterlogging,61.71,HIGH,Inspect collection coverage and recurring dumping points; verify collection frequency.,long persistence; high complaint frequency; strong connection to other urban problems,3,"HIGH priority Garbage Collection hotspot in ward(s) 12,13,14: 71 complaints across 26 active months. Associated problems: Drainage;Waterlogging. Why: long persistence; high complaint frequency; strong connection to other urban problems. Action: Inspect collection coverage and recurring dumping points; verify collection frequency."
48,Pothole,52,2024-01-22,2026-07-27,28,-0.0021634615384615,3.730769230769231,23.183024186538457,79.93538675192309,"24,26",0.682,0.0,1.0,0.0,88.51338611717253,96.29629629629628,0.0,72.9665071770335,31.16883116883117,14.306691839731489,53.69,4,88.51338611717253,96.29629629629629,0.0,72.9665071770335,31.168831168831172,14.306691839731487,Damaged Road,53.11,MEDIUM,Inspect road condition and prioritize repair at the mapped cluster.,long persistence; high severity; high complaint frequency,4,"MEDIUM priority Pothole hotspot in ward(s) 24,26: 52 complaints across 28 active months. Associated problems: Damaged Road. Why: long persistence; high severity; high complaint frequency. Action: Inspect road condition and prioritize repair at the mapped cluster."
1,Damaged Road,53,2024-01-25,2026-08-19,26,0.006750401150888,3.7547169811320753,23.185198464150947,79.93587141886793,"24,26,40",0.0,0.682,0.0,1.0,89.21419353087734,88.88888888888889,1.1250668584813468,73.71129367157174,37.76223776223775,14.306691839731489,53.46,5,89.21419353087734,88.88888888888889,1.125066858481333,73.71129367157174,37.76223776223775,14.306691839731487,Pothole,52.71,MEDIUM,Inspect road condition and prioritize repair at the mapped cluster.,long persistence; high severity; high complaint frequency,5,"MEDIUM priority Damaged Road hotspot in ward(s) 24,26,40: 53 complaints across 26 active months. Associated problems: Pothole. Why: long persistence; high severity; high complaint frequency. Action: Inspect road condition and prioritize repair at the mapped cluster."
0,Damaged Road,27,2024-06-04,2026-07-25,19,0.0088888888888888,3.703703703703704,23.1774258962963,79.92988245185185,"22,24,25",1.381,1.5550000000000002,2.0,2.0,64.59014618583477,62.96296296296296,1.481481481481479,72.12475633528265,15.311004784688995,61.590098594503885,50.84,6,64.59014618583477,62.96296296296296,1.4814814814814663,72.12475633528267,15.311004784688995,61.59009859450387,Pothole,50.78,MEDIUM,Inspect road condition and prioritize repair at the mapped cluster.,high severity; long persistence; strong connection to other urban problems,6,"MEDIUM priority Damaged Road hotspot in ward(s) 22,24,25: 27 complaints across 19 active months. Associated problems: Pothole. Why: high severity; long persistence; strong connection to other urban problems. Action: Inspect road condition and prioritize repair at the mapped cluster."
50,Pothole,27,2024-07-03,2026-08-16,17,-0.0069135802469135,4.592592592592593,23.2054904037037,79.94893723333334,61,0.0,0.0,0.0,0.0,64.59014618583477,55.55555555555556,0.0,99.76962608541557,21.3903743315508,0.0,43.72,7,64.59014618583477,55.55555555555556,0.0,99.76962608541557,21.3903743315508,0.0,,42.89,MEDIUM,Inspect road condition and prioritize repair at the mapped cluster.,high severity; long persistence; high complaint frequency,7,MEDIUM priority Pothole hotspot in ward(s) 61: 27 complaints across 17 active months. Associated problems: none detected. Why: high severity; long persistence; high complaint frequency. Action: Inspect road condition and prioritize repair at the mapped cluster.
28,Garbage Collection,47,2024-07-26,2026-08-16,22,0.0270449172576832,3.0,23.12254825106383,79.9033121425532,4,0.0,0.0,0.0,0.0,84.79825958995214,74.07407407407408,4.507486209613868,50.23923444976077,41.32231404958677,0.0,43.45,8,84.79825958995214,74.07407407407408,4.507486209613865,50.23923444976077,41.32231404958677,0.0,,42.39,MEDIUM,Inspect collection coverage and recurring dumping points; verify collection frequency.,long persistence; high complaint frequency; high severity,8,MEDIUM priority Garbage Collection hotspot in ward(s) 4: 47 complaints across 22 active months. Associated problems: none detected. Why: long persistence; high complaint frequency; high severity. Action: Inspect collection coverage and recurring dumping points; verify collection frequency.
75,Waterlogging,15,2024-06-01,2024-09-26,4,-0.0266666666666668,3.333333333333333,23.21212338,79.90567012000001,72,0.711,2.195,1.0,3.0,43.6089723007337,7.4074074074074066,0.0,60.606060606060616,100.0,60.96077197398784,42.89,9,43.6089723007337,7.4074074074074066,0.0,60.60606060606061,100.0,60.960771973987825,Drainage,42.34,MEDIUM,"Inspect drainage network, blockage points and recurring water-accumulation locations.",strong connection to other urban problems; high severity; high concentration,9,"MEDIUM priority Waterlogging hotspot in ward(s) 72: 15 complaints across 4 active months. Associated problems: Drainage. Why: strong connection to other urban problems; high severity; high concentration. Action: Inspect drainage network, blockage points and recurring water-accumulation locations."
46,Pothole,22,2024-07-08,2025-11-12,13,-0.0018939393939393,4.045454545454546,23.1773255,79.92875887727273,"22,25",0.791,0.704,1.0,1.0,57.215063177915546,40.74074074074074,0.0,82.75337103088302,25.174825174825173,31.361443255716388,42.66,10,57.215063177915546,40.74074074074074,0.0,82.75337103088302,25.174825174825173,31.36144325571638,Damaged Road,42.07,MEDIUM,Inspect road condition and prioritize repair at the mapped cluster.,high severity; high complaint frequency; long persistence,10,"MEDIUM priority Pothole hotspot in ward(s) 22,25: 22 complaints across 13 active months. Associated problems: Damaged Road. Why: high severity; high complaint frequency; long persistence. Action: Inspect road condition and prioritize repair at the mapped cluster."
76,Waterlogging,5,2025-06-18,2025-08-20,3,0.6000000000000002,3.6,23.210790480000004,79.90717472000001,72,0.608,1.389,1.0,2.0,6.835618952440489,3.7037037037037033,100.0,68.89952153110049,24.24242424242425,41.89217537235159,41.06,13,6.835618952440489,3.7037037037037033,100.0,68.89952153110049,24.242424242424246,41.89217537235158,Drainage,41.35,MEDIUM,"Inspect drainage network, blockage points and recurring water-accumulation locations.",increasing trend; high severity; strong connection to other urban problems,11,"MEDIUM priority Waterlogging hotspot in ward(s) 72: 5 complaints across 3 active months. Associated problems: Drainage. Why: increasing trend; high severity; strong connection to other urban problems. Action: Inspect drainage network, blockage points and recurring water-accumulation locations."
40,Illegal Dumping,21,2025-03-10,2026-08-23,13,0.0557275541795665,2.6666666666666665,23.161704004761905,79.93713370476192,33,1.642,1.467,2.0,2.0,55.54847302784368,40.74074074074074,9.28792569659442,39.87240829346093,22.377622377622377,65.21921543947975,41.33,12,55.548473027843684,40.74074074074074,9.287925696594414,39.87240829346093,22.377622377622377,65.21921543947975,Garbage Collection,41.13,MEDIUM,Inspect collection coverage and recurring dumping points; verify collection frequency.,strong connection to other urban problems; high complaint frequency; long persistence,12,MEDIUM priority Illegal Dumping hotspot in ward(s) 33: 21 complaints across 13 active months. Associated problems: Garbage Collection. Why: strong connection to other urban problems; high complaint frequency; long persistence. Action: Inspect collection coverage and recurring dumping points; verify collection frequency.
27,Garbage Collection,43,2024-11-05,2026-08-21,21,0.0257113967932977,3.0232558139534884,23.143888841860463,79.95256643720931,3,0.0,0.0,0.0,0.0,81.53601990701421,70.37037037037037,4.28523279888295,50.96250139089798,38.09523809523809,0.0,41.99,11,81.53601990701421,70.37037037037037,4.285232798882949,50.96250139089798,38.09523809523809,0.0,,40.95,MEDIUM,Inspect collection coverage and recurring dumping points; verify collection frequency.,long persistence; high complaint frequency; high severity,13,MEDIUM priority Garbage Collection hotspot in ward(s) 3: 43 complaints across 21 active months. Associated problems: none detected. Why: long persistence; high complaint frequency; high severity. Action: Inspect collection coverage and recurring dumping points; verify collection frequency.
18,Drainage,18,2024-04-15,2025-07-03,12,-0.0209150326797385,3.0,23.18960562777778,79.93737297222222,"38,40,59",1.781,1.431,2.0,2.0,50.052000178985054,37.03703703703704,0.0,50.23923444976077,18.181818181818183,67.37990350325154,40.34,14,50.052000178985054,37.03703703703704,0.0,50.23923444976077,18.181818181818183,67.37990350325151,Waterlogging,40.26,MEDIUM,"Inspect drainage network, blockage points and recurring water-accumulation locations.",strong connection to other urban problems; high severity; high complaint frequency,14,"MEDIUM priority Drainage hotspot in ward(s) 38,40,59: 18 complaints across 12 active months. Associated problems: Waterlogging. Why: strong connection to other urban problems; high severity; high complaint frequency. Action: Inspect drainage network, blockage points and recurring water-accumulation locations."
38,Illegal Dumping,9,2024-10-26,2026-03-05,9,-0.001031991744066,3.111111111111111,23.16862921111111,79.93512775555556,34,2.77,1.997,4.0,3.0,25.98754687917056,25.925925925925924,0.0,53.694843168527385,0.0,100.0,39.08,17,25.98754687917056,25.925925925925924,0.0,53.694843168527385,0.0,100.0,Drainage;Garbage Collection,39.82,LOW,Inspect collection coverage and recurring dumping points; verify collection frequency.,strong connection to other urban problems; high severity; long persistence,15,LOW priority Illegal Dumping hotspot in ward(s) 34: 9 complaints across 9 active months. Associated problems: Drainage;Garbage Collection. Why: strong connection to other urban problems; high severity; long persistence. Action: Inspect collection coverage and recurring dumping points; verify collection frequency.
36,Garbage Collection,17,2024-11-24,2025-12-04,11,0.0126696832579185,3.0588235294117645,23.238385017647055,79.98942029411765,76,1.481,1.656,2.0,2.0,48.02490624165891,33.33333333333333,2.1116138763197547,52.06867435969603,19.83471074380165,65.8065869519614,39.86,15,48.02490624165891,33.33333333333333,2.1116138763197494,52.06867435969603,19.83471074380165,65.80658695196139,Illegal Dumping,39.75,LOW,Inspect collection coverage and recurring dumping points; verify collection frequency.,strong connection to other urban problems; high severity; high complaint frequency,16,LOW priority Garbage Collection hotspot in ward(s) 76: 17 complaints across 11 active months. Associated problems: Illegal Dumping. Why: strong connection to other urban problems; high severity; high complaint frequency. Action: Inspect collection coverage and recurring dumping points; verify collection frequency.
2,Damaged Road,16,2024-08-11,2026-02-03,13,0.043859649122807,3.875,23.19523254375,79.933077475,39,0.707,0.82,1.0,1.0,45.88191698791236,40.74074074074074,7.309941520467832,77.45215311004786,8.391608391608395,32.032724984266835,39.1,16,45.881916987912355,40.74074074074074,7.309941520467832,77.45215311004786,8.391608391608395,32.03272498426683,Waterlogging,38.86,LOW,Inspect road condition and prioritize repair at the mapped cluster.,high severity; long persistence; high complaint frequency,17,LOW priority Damaged Road hotspot in ward(s) 39: 16 complaints across 13 active months. Associated problems: Waterlogging. Why: high severity; long persistence; high complaint frequency. Action: Inspect road condition and prioritize repair at the mapped cluster.
65,Water Leakage,14,2024-11-13,2025-11-27,9,2.236795186747787e-17,3.2142857142857144,23.18900995,79.95747777857142,"47,48",1.494,1.544,2.0,2.0,41.18928728921843,25.925925925925924,3.727991977912977e-15,56.90362269309639,20.2020202020202,63.729809104258464,37.59,19,41.18928728921843,25.925925925925924,3.727991977912977e-15,56.90362269309639,20.2020202020202,63.729809104258436,Water Supply,37.51,LOW,Inspect water-supply infrastructure and leakage/pressure issues.,strong connection to other urban problems; high severity; high complaint frequency,18,"LOW priority Water Leakage hotspot in ward(s) 47,48: 14 complaints across 9 active months. Associated problems: Water Supply. Why: strong connection to other urban problems; high severity; high complaint frequency. Action: Inspect water-supply infrastructure and leakage/pressure issues."
71,Water Supply,19,2025-10-07,2026-07-28,8,0.0797448165869218,2.8421052631578947,23.19354957368421,79.96757098947369,47,1.409,0.774,2.0,1.0,51.97509375834108,22.22222222222222,13.290802764486973,45.32863258625032,50.0,45.79400041955108,38.12,18,51.97509375834108,22.22222222222222,13.290802764486962,45.328632586250315,50.0,45.794000419551075,Water Leakage,37.46,LOW,Inspect water-supply infrastructure and leakage/pressure issues.,strong connection to other urban problems; high severity; high complaint frequency,19,LOW priority Water Supply hotspot in ward(s) 47: 19 complaints across 8 active months. Associated problems: Water Leakage. Why: strong connection to other urban problems; high severity; high complaint frequency. Action: Inspect water-supply infrastructure and leakage/pressure issues.
3,Damaged Sidewalk,14,2024-01-09,2025-03-08,9,-0.0714285714285713,3.0,23.20102978571429,79.93856935714287,57,1.489,1.539,2.0,2.0,41.18928728921843,25.925925925925924,0.0,50.23923444976077,20.2020202020202,63.52003356408643,36.22,20,41.18928728921843,25.925925925925924,0.0,50.23923444976077,20.2020202020202,63.52003356408642,Streetlight,36.14,LOW,Inspect pedestrian infrastructure and prioritize unsafe sections.,strong connection to other urban problems; high severity; high complaint frequency,20,LOW priority Damaged Sidewalk hotspot in ward(s) 57: 14 complaints across 9 active months. Associated problems: Streetlight. Why: strong connection to other urban problems; high severity; high complaint frequency. Action: Inspect pedestrian infrastructure and prioritize unsafe sections.
80,Waterlogging,11,2025-02-09,2026-02-09,8,-0.0769230769230769,3.8181818181818175,23.190174481818183,79.93683535454547,"39,40",0.73,1.677,1.0,2.0,32.82316583161104,22.22222222222222,0.0,75.68508046976949,13.636363636363637,50.49297251940425,36.0,21,32.82316583161104,22.22222222222222,0.0,75.68508046976945,13.636363636363635,50.49297251940423,Drainage,35.97,LOW,"Inspect drainage network, blockage points and recurring water-accumulation locations.",high severity; strong connection to other urban problems; high complaint frequency,21,"LOW priority Waterlogging hotspot in ward(s) 39,40: 11 complaints across 8 active months. Associated problems: Drainage. Why: high severity; strong connection to other urban problems; high complaint frequency. Action: Inspect drainage network, blockage points and recurring water-accumulation locations."
9,Drainage,12,2024-12-18,2025-11-11,9,0.0629370629370629,3.0,23.16670494166667,79.93426909166666,"33,34",1.34,1.49,2.0,2.0,35.82413543278779,25.925925925925924,10.489510489510486,50.23923444976077,12.12121212121212,59.36647786868052,35.23,22,35.82413543278779,25.925925925925924,10.48951048951048,50.23923444976077,12.12121212121212,59.36647786868051,Garbage Collection;Illegal Dumping,35.27,LOW,"Inspect drainage network, blockage points and recurring water-accumulation locations.",strong connection to other urban problems; high severity; high complaint frequency,22,"LOW priority Drainage hotspot in ward(s) 33,34: 12 complaints across 9 active months. Associated problems: Garbage Collection;Illegal Dumping. Why: strong connection to other urban problems; high severity; high complaint frequency. Action: Inspect drainage network, blockage points and recurring water-accumulation locations."
77,Waterlogging,10,2026-06-18,2026-09-27,4,0.0799999999999998,4.3,23.211929790000003,79.90753559999999,72,0.0,0.714,0.0,1.0,29.56092614867313,7.4074074074074066,13.333333333333302,90.66985645933016,54.54545454545454,14.977973568281936,35.09,24,29.56092614867313,7.4074074074074066,13.333333333333295,90.66985645933015,54.54545454545454,14.977973568281936,Drainage,34.5,LOW,"Inspect drainage network, blockage points and recurring water-accumulation locations.",high severity; high concentration; high complaint frequency,23,"LOW priority Waterlogging hotspot in ward(s) 72: 10 complaints across 4 active months. Associated problems: Drainage. Why: high severity; high concentration; high complaint frequency. Action: Inspect drainage network, blockage points and recurring water-accumulation locations."
13,Drainage,12,2025-06-14,2025-09-27,4,0.1333333333333332,3.6666666666666665,23.160142375,79.86668265833333,71,0.652,0.0,1.0,0.0,35.82413543278779,7.4074074074074066,22.222222222222204,70.97288676236046,72.72727272727273,13.677365219215442,35.18,23,35.82413543278779,7.4074074074074066,22.22222222222219,70.97288676236046,72.72727272727273,13.67736521921544,Waterlogging,34.39,LOW,"Inspect drainage network, blockage points and recurring water-accumulation locations.",high severity; high concentration; high complaint frequency,24,"LOW priority Drainage hotspot in ward(s) 71: 12 complaints across 4 active months. Associated problems: Waterlogging. Why: high severity; high concentration; high complaint frequency. Action: Inspect drainage network, blockage points and recurring water-accumulation locations."
70,Water Supply,16,2024-08-17,2025-06-08,9,0.0375,3.1875,23.193437631250003,79.9668842125,47,0.857,0.832,1.0,1.0,45.88191698791236,25.925925925925924,6.250000000000002,56.07057416267944,28.28282828282828,35.43108873505349,34.64,25,45.881916987912355,25.925925925925924,6.249999999999998,56.070574162679435,28.28282828282828,35.43108873505349,Water Leakage,34.13,LOW,Inspect water-supply infrastructure and leakage/pressure issues.,high severity; strong connection to other urban problems; high complaint frequency,25,LOW priority Water Supply hotspot in ward(s) 47: 16 complaints across 9 active months. Associated problems: Water Leakage. Why: high severity; strong connection to other urban problems; high complaint frequency. Action: Inspect water-supply infrastructure and leakage/pressure issues.
25,Garbage Collection,11,2024-09-30,2025-08-21,8,0.0244755244755245,2.4545454545454546,23.16741099090909,79.93409577272728,34,2.17,1.477,3.0,2.0,32.82316583161104,22.22222222222222,4.079254079254086,33.275337103088305,13.636363636363637,76.50513950073422,33.07,26,32.82316583161104,22.22222222222222,4.079254079254082,33.275337103088305,13.636363636363635,76.5051395007342,Drainage;Illegal Dumping,33.3,LOW,Inspect collection coverage and recurring dumping points; verify collection frequency.,strong connection to other urban problems; high severity; high complaint frequency,26,LOW priority Garbage Collection hotspot in ward(s) 34: 11 complaints across 8 active months. Associated problems: Drainage;Illegal Dumping. Why: strong connection to other urban problems; high severity; high complaint frequency. Action: Inspect collection coverage and recurring dumping points; verify collection frequency.
73,Water Supply,9,2025-10-26,2026-07-04,7,0.006060606060606,3.111111111111111,23.18778098888889,79.95672426666665,48,1.564,1.514,2.0,2.0,25.98754687917056,18.51851851851852,1.010101010101001,53.694843168527385,10.389610389610391,64.56891126494652,32.21,27,25.98754687917056,18.51851851851852,1.0101010101009995,53.694843168527385,10.389610389610393,64.56891126494651,Water Leakage,32.45,LOW,Inspect water-supply infrastructure and leakage/pressure issues.,strong connection to other urban problems; high severity; high complaint frequency,27,LOW priority Water Supply hotspot in ward(s) 48: 9 complaints across 7 active months. Associated problems: Water Leakage. Why: strong connection to other urban problems; high severity; high complaint frequency. Action: Inspect water-supply infrastructure and leakage/pressure issues.
22,Garbage Collection,8,2024-08-03,2025-04-21,6,0.0999999999999999,3.0,23.1614606625,79.9374481375,"33,34",1.374,1.549,2.0,2.0,22.037359362488377,14.814814814814811,16.666666666666654,50.23923444976077,12.12121212121212,61.31739039228027,32.04,28,22.037359362488377,14.814814814814813,16.666666666666643,50.23923444976077,12.12121212121212,61.31739039228026,Illegal Dumping,32.29,LOW,Inspect collection coverage and recurring dumping points; verify collection frequency.,strong connection to other urban problems; high severity; high complaint frequency,28,"LOW priority Garbage Collection hotspot in ward(s) 33,34: 8 complaints across 6 active months. Associated problems: Illegal Dumping. Why: strong connection to other urban problems; high severity; high complaint frequency. Action: Inspect collection coverage and recurring dumping points; verify collection frequency."
24,Garbage Collection,6,2024-03-16,2024-06-09,4,-0.4000000000000003,3.333333333333333,23.168569200000004,79.93361193333332,"33,34",2.097,1.419,3.0,2.0,12.615052427493678,7.4074074074074066,0.0,60.606060606060616,18.181818181818183,73.75707992448082,31.56,29,12.615052427493678,7.4074074074074066,0.0,60.60606060606061,18.181818181818183,73.75707992448079,Drainage;Illegal Dumping,32.06,LOW,Inspect collection coverage and recurring dumping points; verify collection frequency.,strong connection to other urban problems; high severity; high complaint frequency,29,"LOW priority Garbage Collection hotspot in ward(s) 33,34: 6 complaints across 4 active months. Associated problems: Drainage;Illegal Dumping. Why: strong connection to other urban problems; high severity; high complaint frequency. Action: Inspect collection coverage and recurring dumping points; verify collection frequency."
8,Drainage,5,2024-01-06,2024-04-17,4,-0.2400000000000003,3.4,23.16792048,79.93470984000001,34,1.361,2.141,2.0,3.0,6.835618952440489,7.4074074074074066,0.0,62.67942583732058,9.090909090909092,73.46339416823999,29.97,33,6.835618952440489,7.4074074074074066,0.0,62.67942583732058,9.090909090909092,73.46339416823997,Garbage Collection;Illegal Dumping,30.64,LOW,"Inspect drainage network, blockage points and recurring water-accumulation locations.",strong connection to other urban problems; high severity; long persistence,30,"LOW priority Drainage hotspot in ward(s) 34: 5 complaints across 4 active months. Associated problems: Garbage Collection;Illegal Dumping. Why: strong connection to other urban problems; high severity; long persistence. Action: Inspect drainage network, blockage points and recurring water-accumulation locations."
5,Damaged Sidewalk,12,2024-03-04,2024-09-11,5,-0.2500000000000001,3.25,23.180565283333337,79.94139385,"24,55",0.714,0.739,1.0,1.0,35.82413543278779,11.11111111111111,0.0,58.01435406698565,50.90909090909091,30.48038598699392,30.93,30,35.82413543278779,11.11111111111111,0.0,58.01435406698565,50.90909090909091,30.480385986993912,Streetlight,30.39,LOW,Inspect pedestrian infrastructure and prioritize unsafe sections.,high severity; strong connection to other urban problems; high complaint frequency,31,"LOW priority Damaged Sidewalk hotspot in ward(s) 24,55: 12 complaints across 5 active months. Associated problems: Streetlight. Why: high severity; strong connection to other urban problems; high complaint frequency. Action: Inspect pedestrian infrastructure and prioritize unsafe sections."
16,Drainage,10,2025-06-18,2025-09-07,4,-0.0800000000000003,3.0,23.2119325,79.90528993000001,72,1.471,0.608,2.0,1.0,29.56092614867313,7.4074074074074066,0.0,50.23923444976077,54.54545454545454,43.61233480176213,30.44,31,29.56092614867313,7.4074074074074066,0.0,50.23923444976077,54.54545454545454,43.61233480176212,Waterlogging,30.14,LOW,"Inspect drainage network, blockage points and recurring water-accumulation locations.",high severity; strong connection to other urban problems; high concentration,32,"LOW priority Drainage hotspot in ward(s) 72: 10 complaints across 4 active months. Associated problems: Waterlogging. Why: high severity; strong connection to other urban problems; high concentration. Action: Inspect drainage network, blockage points and recurring water-accumulation locations."
45,Illegal Dumping,11,2025-08-31,2026-07-16,8,0.1363636363636363,2.8181818181818183,23.23833107272727,79.98893821818181,76,0.846,0.759,1.0,1.0,32.82316583161104,22.22222222222222,22.727272727272723,44.58460200086996,13.636363636363637,33.66897419760856,29.99,32,32.82316583161104,22.22222222222222,22.72727272727271,44.58460200086996,13.636363636363635,33.668974197608556,Garbage Collection,29.79,LOW,Inspect collection coverage and recurring dumping points; verify collection frequency.,high severity; strong connection to other urban problems; high complaint frequency,33,LOW priority Illegal Dumping hotspot in ward(s) 76: 11 complaints across 8 active months. Associated problems: Garbage Collection. Why: high severity; strong connection to other urban problems; high complaint frequency. Action: Inspect collection coverage and recurring dumping points; verify collection frequency.
15,Drainage,10,2024-07-08,2024-09-23,3,-0.3000000000000002,2.4,23.21117769,79.90583947000002,72,1.492,0.711,2.0,1.0,29.56092614867313,3.7037037037037033,0.0,31.57894736842105,84.84848484848484,46.21355149989512,29.57,34,29.56092614867313,3.7037037037037033,0.0,31.578947368421055,84.84848484848484,46.213551499895104,Waterlogging,29.22,LOW,"Inspect drainage network, blockage points and recurring water-accumulation locations.",strong connection to other urban problems; high concentration; high severity,34,"LOW priority Drainage hotspot in ward(s) 72: 10 complaints across 3 active months. Associated problems: Waterlogging. Why: strong connection to other urban problems; high concentration; high severity. Action: Inspect drainage network, blockage points and recurring water-accumulation locations."
51,Streetlight,8,2024-02-17,2024-09-06,6,0.1904761904761904,3.125,23.1990628375,79.95346047500001,56,0.741,0.716,1.0,1.0,22.037359362488377,14.814814814814811,31.746031746031733,54.12679425837321,12.12121212121212,30.564296203062725,29.24,35,22.037359362488377,14.814814814814813,31.746031746031722,54.12679425837321,12.12121212121212,30.564296203062717,Damaged Sidewalk,29.18,LOW,Inspect failed streetlights and verify repair status.,high severity; strong connection to other urban problems; increasing trend,35,LOW priority Streetlight hotspot in ward(s) 56: 8 complaints across 6 active months. Associated problems: Damaged Sidewalk. Why: high severity; strong connection to other urban problems; increasing trend. Action: Inspect failed streetlights and verify repair status.
81,Waterlogging,7,2025-07-02,2026-03-31,6,0.0999999999999999,3.571428571428572,23.195511657142852,79.93203115714286,39,0.82,0.707,1.0,1.0,17.62142542156315,14.814814814814811,16.666666666666654,68.01093643198908,6.060606060606063,32.032724984266835,28.63,37,17.62142542156315,14.814814814814813,16.666666666666643,68.0109364319891,6.060606060606063,32.03272498426683,Damaged Road,28.72,LOW,"Inspect drainage network, blockage points and recurring water-accumulation locations.",high severity; strong connection to other urban problems; long persistence,36,"LOW priority Waterlogging hotspot in ward(s) 39: 7 complaints across 6 active months. Associated problems: Damaged Road. Why: high severity; strong connection to other urban problems; long persistence. Action: Inspect drainage network, blockage points and recurring water-accumulation locations."
78,Waterlogging,9,2026-06-04,2026-09-21,4,-0.1333333333333335,3.888888888888889,23.159628255555557,79.86603459999999,71,0.0,0.652,0.0,1.0,25.98754687917056,7.4074074074074066,0.0,77.88410419989368,45.45454545454545,13.677365219215442,28.73,36,25.98754687917056,7.4074074074074066,0.0,77.88410419989368,45.45454545454545,13.67736521921544,Drainage,28.24,LOW,"Inspect drainage network, blockage points and recurring water-accumulation locations.",high severity; high concentration; high complaint frequency,37,"LOW priority Waterlogging hotspot in ward(s) 71: 9 complaints across 4 active months. Associated problems: Drainage. Why: high severity; high concentration; high complaint frequency. Action: Inspect drainage network, blockage points and recurring water-accumulation locations."
67,Water Leakage,8,2024-01-13,2024-06-15,5,0.1285714285714285,3.5,23.1933271625,79.967784,47,0.0,0.61,0.0,1.0,22.037359362488377,11.11111111111111,21.428571428571413,65.78947368421053,21.818181818181824,12.796307950492974,26.95,38,22.037359362488377,11.11111111111111,21.42857142857141,65.78947368421053,21.818181818181824,12.796307950492972,Water Supply,26.64,LOW,Inspect water-supply infrastructure and leakage/pressure issues.,high severity; high complaint frequency; increasing trend,38,LOW priority Water Leakage hotspot in ward(s) 47: 8 complaints across 5 active months. Associated problems: Water Supply. Why: high severity; high complaint frequency; increasing trend. Action: Inspect water-supply infrastructure and leakage/pressure issues.
4,Damaged Sidewalk,9,2024-02-21,2025-01-04,7,0.0734265734265734,3.0,23.198950555555555,79.95458162222221,56,0.716,0.741,1.0,1.0,25.98754687917056,18.51851851851852,12.237762237762237,50.23923444976077,10.389610389610391,30.564296203062725,26.74,39,25.98754687917056,18.51851851851852,12.23776223776223,50.23923444976077,10.389610389610393,30.564296203062717,Streetlight,26.64,LOW,Inspect pedestrian infrastructure and prioritize unsafe sections.,high severity; strong connection to other urban problems; high complaint frequency,39,LOW priority Damaged Sidewalk hotspot in ward(s) 56: 9 complaints across 7 active months. Associated problems: Streetlight. Why: high severity; strong connection to other urban problems; high complaint frequency. Action: Inspect pedestrian infrastructure and prioritize unsafe sections.
37,Illegal Dumping,4,2024-04-10,2024-05-22,2,0.0,3.25,23.169176775,79.93534389999999,34,1.402,1.314,2.0,2.0,0.0,0.0,0.0,58.01435406698565,36.36363636363637,56.97503671071954,26.06,41,0.0,0.0,0.0,58.01435406698565,36.36363636363637,56.97503671071953,Drainage;Garbage Collection,26.63,LOW,Inspect collection coverage and recurring dumping points; verify collection frequency.,high severity; strong connection to other urban problems; high concentration,40,LOW priority Illegal Dumping hotspot in ward(s) 34: 4 complaints across 2 active months. Associated problems: Drainage;Garbage Collection. Why: high severity; strong connection to other urban problems; high concentration. Action: Inspect collection coverage and recurring dumping points; verify collection frequency.
26,Garbage Collection,8,2025-12-14,2026-06-12,6,0.03125,2.875,23.1693074,79.9328833375,34,0.813,1.3490000000000002,1.0,2.0,22.037359362488377,14.814814814814811,5.20833333333334,46.351674641148335,12.12121212121212,45.35347178518985,26.51,40,22.037359362488377,14.814814814814813,5.208333333333331,46.351674641148335,12.12121212121212,45.35347178518984,Drainage;Illegal Dumping,26.6,LOW,Inspect collection coverage and recurring dumping points; verify collection frequency.,high severity; strong connection to other urban problems; high complaint frequency,41,LOW priority Garbage Collection hotspot in ward(s) 34: 8 complaints across 6 active months. Associated problems: Drainage;Illegal Dumping. Why: high severity; strong connection to other urban problems; high complaint frequency. Action: Inspect collection coverage and recurring dumping points; verify collection frequency.
56,Streetlight,5,2024-03-03,2024-07-21,4,0.1999999999999999,3.2,23.20039658,79.93898082000001,57,0.769,0.744,1.0,1.0,6.835618952440489,7.4074074074074066,33.3333333333333,56.45933014354069,9.090909090909092,31.73903922802601,25.8,43,6.835618952440489,7.4074074074074066,33.3333333333333,56.45933014354069,9.090909090909092,31.739039228026005,Damaged Sidewalk,26.06,LOW,Inspect failed streetlights and verify repair status.,high severity; strong connection to other urban problems; increasing trend,42,LOW priority Streetlight hotspot in ward(s) 57: 5 complaints across 4 active months. Associated problems: Damaged Sidewalk. Why: high severity; strong connection to other urban problems; increasing trend. Action: Inspect failed streetlights and verify repair status.
53,Streetlight,7,2024-07-20,2025-02-26,6,-0.0119047619047618,2.571428571428572,23.17950454285714,79.94135437142857,55,1.494,1.444,2.0,2.0,17.62142542156315,14.814814814814811,0.0,36.91045796308956,6.060606060606063,61.63205370253828,25.54,46,17.62142542156315,14.814814814814813,0.0,36.91045796308956,6.060606060606063,61.63205370253827,Damaged Sidewalk,25.92,LOW,Inspect failed streetlights and verify repair status.,strong connection to other urban problems; high severity; long persistence,43,LOW priority Streetlight hotspot in ward(s) 55: 7 complaints across 6 active months. Associated problems: Damaged Sidewalk. Why: strong connection to other urban problems; high severity; long persistence. Action: Inspect failed streetlights and verify repair status.
79,Waterlogging,7,2024-02-18,2024-10-15,6,-0.0666666666666667,3.4285714285714284,23.189271085714285,79.93626865714286,"26,39,40",0.701,0.876,1.0,1.0,17.62142542156315,14.814814814814811,0.0,63.568010936432,6.060606060606063,33.08160268512692,25.44,48,17.62142542156315,14.814814814814813,0.0,63.568010936431996,6.060606060606063,33.08160268512691,Drainage,25.54,LOW,"Inspect drainage network, blockage points and recurring water-accumulation locations.",high severity; strong connection to other urban problems; long persistence,44,"LOW priority Waterlogging hotspot in ward(s) 26,39,40: 7 complaints across 6 active months. Associated problems: Drainage. Why: high severity; strong connection to other urban problems; long persistence. Action: Inspect drainage network, blockage points and recurring water-accumulation locations."
6,Damaged Sidewalk,6,2025-02-13,2025-10-19,6,-0.0499999999999999,2.6666666666666665,23.18039765,79.94132213333333,55,1.481,1.531,2.0,2.0,12.615052427493678,14.814814814814811,0.0,39.87240829346093,0.0,63.18439269981121,24.92,51,12.615052427493678,14.814814814814813,0.0,39.87240829346093,0.0,63.1843926998112,Streetlight,25.47,LOW,Inspect pedestrian infrastructure and prioritize unsafe sections.,strong connection to other urban problems; high severity; long persistence,45,LOW priority Damaged Sidewalk hotspot in ward(s) 55: 6 complaints across 6 active months. Associated problems: Streetlight. Why: strong connection to other urban problems; high severity; long persistence. Action: Inspect pedestrian infrastructure and prioritize unsafe sections.
69,Water Leakage,9,2025-11-29,2026-04-12,6,0.0571428571428571,2.7777777777777777,23.193621711111103,79.96861227777778,47,0.774,0.799,1.0,1.0,25.98754687917056,14.814814814814811,9.523809523809524,43.32801701222754,18.181818181818183,32.99769246905811,25.53,47,25.98754687917056,14.814814814814813,9.523809523809513,43.32801701222754,18.181818181818183,32.9976924690581,Water Supply,25.37,LOW,Inspect water-supply infrastructure and leakage/pressure issues.,high severity; strong connection to other urban problems; high complaint frequency,46,LOW priority Water Leakage hotspot in ward(s) 47: 9 complaints across 6 active months. Associated problems: Water Supply. Why: high severity; strong connection to other urban problems; high complaint frequency. Action: Inspect water-supply infrastructure and leakage/pressure issues.
23,Garbage Collection,12,2025-08-01,2026-08-02,8,-0.0659340659340659,2.583333333333333,23.161513133333333,79.93826167499999,33,0.702,0.79,1.0,1.0,35.82413543278779,22.22222222222222,0.0,37.28070175438597,18.181818181818183,31.29851059366478,25.67,45,35.82413543278779,22.22222222222222,0.0,37.28070175438596,18.181818181818183,31.298510593664773,Illegal Dumping,25.35,LOW,Inspect collection coverage and recurring dumping points; verify collection frequency.,high severity; strong connection to other urban problems; high complaint frequency,47,LOW priority Garbage Collection hotspot in ward(s) 33: 12 complaints across 8 active months. Associated problems: Illegal Dumping. Why: high severity; strong connection to other urban problems; high complaint frequency. Action: Inspect collection coverage and recurring dumping points; verify collection frequency.
61,Streetlight,19,2025-01-20,2026-08-09,13,-0.0218045112781955,2.5789473684210527,23.161713,79.91236746315789,7,0.0,0.0,0.0,0.0,51.97509375834108,40.74074074074074,0.0,37.14429614706624,16.78321678321678,0.0,25.8,44,51.97509375834108,40.74074074074074,0.0,37.144296147066235,16.78321678321678,0.0,,25.05,LOW,Inspect failed streetlights and verify repair status.,long persistence; high complaint frequency; high severity,48,LOW priority Streetlight hotspot in ward(s) 7: 19 complaints across 13 active months. Associated problems: none detected. Why: long persistence; high complaint frequency; high severity. Action: Inspect failed streetlights and verify repair status.
12,Drainage,13,2024-06-04,2024-09-25,4,-0.0923076923076924,2.923076923076923,23.160860446153848,79.86509908461538,71,0.0,0.0,0.0,0.0,38.60259930666422,7.4074074074074066,0.0,47.84688995215311,81.81818181818183,0.0,26.03,42,38.60259930666422,7.4074074074074066,0.0,47.84688995215311,81.81818181818183,0.0,,25.02,LOW,"Inspect drainage network, blockage points and recurring water-accumulation locations.",high severity; high concentration; high complaint frequency,49,"LOW priority Drainage hotspot in ward(s) 71: 13 complaints across 4 active months. Associated problems: none detected. Why: high severity; high concentration; high complaint frequency. Action: Inspect drainage network, blockage points and recurring water-accumulation locations."
57,Streetlight,12,2025-02-12,2025-10-01,7,-0.2249999999999998,2.5,23.20029870833333,79.938630775,57,0.77,0.745,1.0,1.0,35.82413543278779,18.51851851851852,0.0,34.68899521531101,25.97402597402597,31.78099433606042,25.36,49,35.82413543278779,18.51851851851852,0.0,34.68899521531101,25.97402597402597,31.780994336060413,Damaged Sidewalk,24.97,LOW,Inspect failed streetlights and verify repair status.,high severity; strong connection to other urban problems; high complaint frequency,50,LOW priority Streetlight hotspot in ward(s) 57: 12 complaints across 7 active months. Associated problems: Damaged Sidewalk. Why: high severity; strong connection to other urban problems; high complaint frequency. Action: Inspect failed streetlights and verify repair status.
17,Drainage,9,2026-06-20,2026-09-17,4,0.2222222222222221,2.0,23.2125748,79.90455809999999,72,1.335,0.0,2.0,0.0,25.98754687917056,7.4074074074074066,37.03703703703701,19.138755980861248,45.45454545454545,28.00503461296413,25.26,50,25.98754687917056,7.4074074074074066,37.037037037037,19.138755980861248,45.45454545454545,28.005034612964124,Waterlogging,24.91,LOW,"Inspect drainage network, blockage points and recurring water-accumulation locations.",strong connection to other urban problems; increasing trend; high concentration,51,"LOW priority Drainage hotspot in ward(s) 72: 9 complaints across 4 active months. Associated problems: Waterlogging. Why: strong connection to other urban problems; increasing trend; high concentration. Action: Inspect drainage network, blockage points and recurring water-accumulation locations."
47,Pothole,4,2026-05-19,2026-06-22,2,0.0,3.75,23.177735875,79.928474525,25,0.764,0.677,1.0,1.0,0.0,0.0,0.0,73.56459330143541,36.36363636363637,30.2286553387875,24.09,53,0.0,0.0,0.0,73.56459330143541,36.36363636363637,30.228655338787497,Damaged Road,24.4,LOW,Inspect road condition and prioritize repair at the mapped cluster.,high severity; strong connection to other urban problems; high concentration,52,LOW priority Pothole hotspot in ward(s) 25: 4 complaints across 2 active months. Associated problems: Damaged Road. Why: high severity; strong connection to other urban problems; high concentration. Action: Inspect road condition and prioritize repair at the mapped cluster.
49,Pothole,5,2024-01-06,2024-03-03,3,-0.5999999999999999,4.6,23.20508412,79.94967628,61,0.0,0.0,0.0,0.0,6.835618952440489,3.7037037037037033,0.0,100.0,24.24242424242425,0.0,24.32,52,6.835618952440489,3.7037037037037033,0.0,100.0,24.242424242424246,0.0,,24.19,LOW,Inspect road condition and prioritize repair at the mapped cluster.,high severity; high concentration; high complaint frequency,53,LOW priority Pothole hotspot in ward(s) 61: 5 complaints across 3 active months. Associated problems: none detected. Why: high severity; high concentration; high complaint frequency. Action: Inspect road condition and prioritize repair at the mapped cluster.
11,Drainage,4,2024-02-06,2024-06-07,4,0.0999999999999999,4.0,23.158785925,79.93706692500001,33,0.0,0.748,0.0,1.0,0.0,7.4074074074074066,16.666666666666643,81.3397129186603,0.0,15.691210404866796,23.08,55,0.0,7.4074074074074066,16.666666666666643,81.3397129186603,0.0,15.69121040486679,Garbage Collection,23.39,LOW,"Inspect drainage network, blockage points and recurring water-accumulation locations.",high severity; strong connection to other urban problems; increasing trend,54,"LOW priority Drainage hotspot in ward(s) 33: 4 complaints across 4 active months. Associated problems: Garbage Collection. Why: high severity; strong connection to other urban problems; increasing trend. Action: Inspect drainage network, blockage points and recurring water-accumulation locations."
72,Water Supply,4,2024-11-02,2025-01-17,2,-0.7500000000000002,3.5,23.18795055,79.957226675,48,0.787,0.762,1.0,1.0,0.0,0.0,0.0,65.78947368421053,36.36363636363637,32.49423117264527,22.97,56,0.0,0.0,0.0,65.78947368421053,36.36363636363637,32.494231172645264,Water Leakage,23.29,LOW,Inspect water-supply infrastructure and leakage/pressure issues.,high severity; strong connection to other urban problems; high concentration,55,LOW priority Water Supply hotspot in ward(s) 48: 4 complaints across 2 active months. Associated problems: Water Leakage. Why: high severity; strong connection to other urban problems; high concentration. Action: Inspect water-supply infrastructure and leakage/pressure issues.
44,Illegal Dumping,4,2024-12-15,2025-01-10,2,0.0,3.5,23.238658575,79.99028229999999,76,0.81,0.722,1.0,1.0,0.0,0.0,0.0,65.78947368421053,36.36363636363637,32.137612754352844,22.9,57,0.0,0.0,0.0,65.78947368421053,36.36363636363637,32.13761275435284,Garbage Collection,23.22,LOW,Inspect collection coverage and recurring dumping points; verify collection frequency.,high severity; strong connection to other urban problems; high concentration,56,LOW priority Illegal Dumping hotspot in ward(s) 76: 4 complaints across 2 active months. Associated problems: Garbage Collection. Why: high severity; strong connection to other urban problems; high concentration. Action: Inspect collection coverage and recurring dumping points; verify collection frequency.
68,Water Leakage,6,2025-02-03,2025-08-11,4,-0.1428571428571429,3.0,23.1932039,79.96713413333333,47,0.832,0.857,1.0,1.0,12.615052427493678,7.4074074074074066,0.0,50.23923444976077,18.181818181818183,35.43108873505349,22.2,59,12.615052427493678,7.4074074074074066,0.0,50.23923444976077,18.181818181818183,35.43108873505349,Water Supply,22.33,LOW,Inspect water-supply infrastructure and leakage/pressure issues.,high severity; strong connection to other urban problems; high complaint frequency,57,LOW priority Water Leakage hotspot in ward(s) 47: 6 complaints across 4 active months. Associated problems: Water Supply. Why: high severity; strong connection to other urban problems; high complaint frequency. Action: Inspect water-supply infrastructure and leakage/pressure issues.
35,Garbage Collection,23,2025-01-12,2026-07-25,13,0.0318840579710144,1.6521739130434785,23.173634026086955,79.92224039565217,"20,34",0.0,0.0,0.0,0.0,58.81071271078159,40.74074074074074,5.314009661835743,8.321198252548369,27.97202797202797,0.0,23.18,54,58.81071271078159,40.74074074074074,5.3140096618357315,8.321198252548376,27.97202797202797,0.0,,22.23,LOW,Inspect collection coverage and recurring dumping points; verify collection frequency.,high complaint frequency; long persistence; high concentration,58,"LOW priority Garbage Collection hotspot in ward(s) 20,34: 23 complaints across 13 active months. Associated problems: none detected. Why: high complaint frequency; long persistence; high concentration. Action: Inspect collection coverage and recurring dumping points; verify collection frequency."
10,Drainage,5,2026-02-20,2026-07-23,4,-0.0857142857142856,2.0,23.1690269,79.93446496,34,1.396,2.162,2.0,3.0,6.835618952440489,7.4074074074074066,0.0,19.138755980861248,9.090909090909092,74.63813719320328,21.48,60,6.835618952440489,7.4074074074074066,0.0,19.138755980861248,9.090909090909092,74.63813719320326,Garbage Collection;Illegal Dumping,22.17,LOW,"Inspect drainage network, blockage points and recurring water-accumulation locations.",strong connection to other urban problems; high severity; long persistence,59,"LOW priority Drainage hotspot in ward(s) 34: 5 complaints across 4 active months. Associated problems: Garbage Collection;Illegal Dumping. Why: strong connection to other urban problems; high severity; long persistence. Action: Inspect drainage network, blockage points and recurring water-accumulation locations."
58,Streetlight,13,2024-05-07,2025-03-29,9,0.0153846153846153,2.769230769230769,23.137397607692307,79.92702551538461,9,0.0,0.0,0.0,0.0,38.60259930666422,25.925925925925924,2.564102564102565,43.0622009569378,16.16161616161616,0.0,22.23,58,38.60259930666422,25.925925925925924,2.564102564102549,43.0622009569378,16.16161616161616,0.0,,21.59,LOW,Inspect failed streetlights and verify repair status.,high severity; high complaint frequency; long persistence,60,LOW priority Streetlight hotspot in ward(s) 9: 13 complaints across 9 active months. Associated problems: none detected. Why: high severity; high complaint frequency; long persistence. Action: Inspect failed streetlights and verify repair status.
54,Streetlight,5,2025-07-07,2025-10-13,3,-0.2400000000000003,2.8,23.17976798,79.9415373,55,0.776,0.751,1.0,1.0,6.835618952440489,3.7037037037037033,0.0,44.01913875598086,24.24242424242425,32.03272498426684,19.21,61,6.835618952440489,3.7037037037037033,0.0,44.01913875598086,24.242424242424246,32.032724984266835,Damaged Sidewalk,19.4,LOW,Inspect failed streetlights and verify repair status.,high severity; strong connection to other urban problems; high concentration,61,LOW priority Streetlight hotspot in ward(s) 55: 5 complaints across 3 active months. Associated problems: Damaged Sidewalk. Why: high severity; strong connection to other urban problems; high concentration. Action: Inspect failed streetlights and verify repair status.
39,Illegal Dumping,4,2024-05-17,2024-11-19,4,0.0714285714285714,3.0,23.162737925,79.939202475,33,0.697,0.609,1.0,1.0,0.0,7.4074074074074066,11.904761904761903,50.23923444976077,0.0,27.39668554646529,18.37,62,0.0,7.4074074074074066,11.904761904761896,50.23923444976077,0.0,27.39668554646528,Garbage Collection,18.79,LOW,Inspect collection coverage and recurring dumping points; verify collection frequency.,high severity; strong connection to other urban problems; increasing trend,62,LOW priority Illegal Dumping hotspot in ward(s) 33: 4 complaints across 4 active months. Associated problems: Garbage Collection. Why: high severity; strong connection to other urban problems; increasing trend. Action: Inspect collection coverage and recurring dumping points; verify collection frequency.
66,Water Leakage,4,2026-02-26,2026-07-25,4,-0.1142857142857142,3.0,23.188404275,79.9573769,48,0.782,0.807,1.0,1.0,0.0,7.4074074074074066,0.0,50.23923444976077,0.0,33.333333333333336,17.71,63,0.0,7.4074074074074066,0.0,50.23923444976077,0.0,33.33333333333333,Water Supply,18.2,LOW,Inspect water-supply infrastructure and leakage/pressure issues.,high severity; strong connection to other urban problems; long persistence,63,LOW priority Water Leakage hotspot in ward(s) 48: 4 complaints across 4 active months. Associated problems: Water Supply. Why: high severity; strong connection to other urban problems; long persistence. Action: Inspect water-supply infrastructure and leakage/pressure issues.
59,Streetlight,11,2025-07-11,2026-07-21,8,0.0329670329670329,2.272727272727273,23.137752227272724,79.92660341818183,9,0.0,0.0,0.0,0.0,32.82316583161104,22.22222222222222,5.494505494505493,27.620704654197485,13.636363636363637,0.0,17.62,64,32.82316583161104,22.22222222222222,5.494505494505481,27.620704654197485,13.636363636363635,0.0,,17.08,LOW,Inspect failed streetlights and verify repair status.,high severity; high complaint frequency; long persistence,64,LOW priority Streetlight hotspot in ward(s) 9: 11 complaints across 8 active months. Associated problems: none detected. Why: high severity; high complaint frequency; long persistence. Action: Inspect failed streetlights and verify repair status.
21,Garbage Collection,4,2024-03-11,2024-04-23,2,0.0,3.0,23.16089105,79.9364626,33,0.748,0.0,1.0,0.0,0.0,0.0,0.0,50.23923444976077,36.36363636363637,15.691210404866796,16.67,65,0.0,0.0,0.0,50.23923444976077,36.36363636363637,15.69121040486679,Drainage,16.82,LOW,Inspect collection coverage and recurring dumping points; verify collection frequency.,high severity; high concentration; strong connection to other urban problems,65,LOW priority Garbage Collection hotspot in ward(s) 33: 4 complaints across 2 active months. Associated problems: Drainage. Why: high severity; high concentration; strong connection to other urban problems. Action: Inspect collection coverage and recurring dumping points; verify collection frequency.
14,Drainage,7,2026-06-13,2026-09-11,4,-0.0571428571428572,2.857142857142857,23.1632474,79.86368744285714,71,0.0,0.0,0.0,0.0,17.62142542156315,7.4074074074074066,0.0,45.796308954203695,27.27272727272727,0.0,16.39,66,17.62142542156315,7.4074074074074066,0.0,45.796308954203695,27.27272727272727,0.0,,16.01,LOW,"Inspect drainage network, blockage points and recurring water-accumulation locations.",high severity; high concentration; high complaint frequency,66,"LOW priority Drainage hotspot in ward(s) 71: 7 complaints across 4 active months. Associated problems: none detected. Why: high severity; high concentration; high complaint frequency. Action: Inspect drainage network, blockage points and recurring water-accumulation locations."
42,Illegal Dumping,5,2025-08-05,2025-10-27,3,-0.3000000000000002,3.2,23.21566396,79.97123678,77,0.0,0.0,0.0,0.0,6.835618952440489,3.7037037037037033,0.0,56.45933014354069,24.24242424242425,0.0,15.61,67,6.835618952440489,3.7037037037037033,0.0,56.45933014354069,24.242424242424246,0.0,,15.48,LOW,Inspect collection coverage and recurring dumping points; verify collection frequency.,high severity; high concentration; high complaint frequency,67,LOW priority Illegal Dumping hotspot in ward(s) 77: 5 complaints across 3 active months. Associated problems: none detected. Why: high severity; high concentration; high complaint frequency. Action: Inspect collection coverage and recurring dumping points; verify collection frequency.
63,Streetlight,5,2024-10-06,2025-04-23,5,0.1071428571428571,2.8,23.10993494,79.90639644000001,8,0.0,0.0,0.0,0.0,6.835618952440489,11.11111111111111,17.85714285714285,44.01913875598086,0.0,0.0,14.71,68,6.835618952440489,11.11111111111111,17.857142857142843,44.01913875598086,0.0,0.0,,14.73,LOW,Inspect failed streetlights and verify repair status.,high severity; increasing trend; long persistence,68,LOW priority Streetlight hotspot in ward(s) 8: 5 complaints across 5 active months. Associated problems: none detected. Why: high severity; increasing trend; long persistence. Action: Inspect failed streetlights and verify repair status.
33,Garbage Collection,9,2026-02-13,2026-08-17,5,0.1666666666666665,1.4444444444444444,23.16708378888889,79.9135165,19,0.0,0.0,0.0,0.0,25.98754687917056,11.11111111111111,27.77777777777775,1.860712387028177,29.090909090909093,0.0,14.13,69,25.98754687917056,11.11111111111111,27.77777777777774,1.860712387028177,29.090909090909093,0.0,,13.57,LOW,Inspect collection coverage and recurring dumping points; verify collection frequency.,increasing trend; high complaint frequency; high concentration,69,LOW priority Garbage Collection hotspot in ward(s) 19: 9 complaints across 5 active months. Associated problems: none detected. Why: increasing trend; high complaint frequency; high concentration. Action: Inspect collection coverage and recurring dumping points; verify collection frequency.
55,Streetlight,5,2026-02-22,2026-07-04,4,-0.1999999999999999,3.0,23.1796946,79.94093356,55,0.0,0.0,0.0,0.0,6.835618952440489,7.4074074074074066,0.0,50.23923444976077,9.090909090909092,0.0,13.52,71,6.835618952440489,7.4074074074074066,0.0,50.23923444976077,9.090909090909092,0.0,,13.46,LOW,Inspect failed streetlights and verify repair status.,high severity; long persistence; high complaint frequency,70,LOW priority Streetlight hotspot in ward(s) 55: 5 complaints across 4 active months. Associated problems: none detected. Why: high severity; long persistence; high complaint frequency. Action: Inspect failed streetlights and verify repair status.
30,Garbage Collection,12,2025-02-07,2025-12-09,8,-0.0833333333333332,1.6666666666666667,23.12862640833333,79.89746511666668,18,0.0,0.0,0.0,0.0,35.82413543278779,22.22222222222222,0.0,8.771929824561408,18.181818181818183,0.0,14.02,70,35.82413543278779,22.22222222222222,0.0,8.771929824561408,18.181818181818183,0.0,,13.39,LOW,Inspect collection coverage and recurring dumping points; verify collection frequency.,high complaint frequency; long persistence; high concentration,71,LOW priority Garbage Collection hotspot in ward(s) 18: 12 complaints across 8 active months. Associated problems: none detected. Why: high complaint frequency; long persistence; high concentration. Action: Inspect collection coverage and recurring dumping points; verify collection frequency.
34,Garbage Collection,11,2024-01-03,2024-10-06,7,-0.0055096418732782,1.7272727272727273,23.1751477,79.92114543636363,20,0.0,0.0,0.0,0.0,32.82316583161104,18.51851851851852,0.0,10.656807307525014,20.77922077922078,0.0,13.45,72,32.82316583161104,18.51851851851852,0.0,10.656807307525014,20.77922077922078,0.0,,12.84,LOW,Inspect collection coverage and recurring dumping points; verify collection frequency.,high complaint frequency; long persistence; high severity,72,LOW priority Garbage Collection hotspot in ward(s) 20: 11 complaints across 7 active months. Associated problems: none detected. Why: high complaint frequency; long persistence; high severity. Action: Inspect collection coverage and recurring dumping points; verify collection frequency.
62,Streetlight,5,2024-01-10,2024-06-18,5,0.0285714285714286,2.8,23.1091981,79.90673826,8,0.0,0.0,0.0,0.0,6.835618952440489,11.11111111111111,4.761904761904766,44.01913875598086,0.0,0.0,12.75,74,6.835618952440489,11.11111111111111,4.761904761904765,44.01913875598086,0.0,0.0,,12.77,LOW,Inspect failed streetlights and verify repair status.,high severity; long persistence; high complaint frequency,73,LOW priority Streetlight hotspot in ward(s) 8: 5 complaints across 5 active months. Associated problems: none detected. Why: high severity; long persistence; high complaint frequency. Action: Inspect failed streetlights and verify repair status.
29,Garbage Collection,13,2024-01-17,2024-10-16,8,-0.0512820512820511,1.3846153846153846,23.12902636153846,79.89721563846153,18,0.0,0.0,0.0,0.0,38.60259930666422,22.22222222222222,0.0,0.0,22.727272727272727,0.0,13.22,73,38.60259930666422,22.22222222222222,0.0,0.0,22.727272727272727,0.0,,12.51,LOW,Inspect collection coverage and recurring dumping points; verify collection frequency.,high complaint frequency; long persistence; high concentration,74,LOW priority Garbage Collection hotspot in ward(s) 18: 13 complaints across 8 active months. Associated problems: none detected. Why: high complaint frequency; long persistence; high concentration. Action: Inspect collection coverage and recurring dumping points; verify collection frequency.
52,Streetlight,4,2025-09-11,2025-11-12,2,2.3416577732743883e-16,2.75,23.199100125,79.953721325,56,0.0,0.0,0.0,0.0,0.0,0.0,3.9027629554573126e-14,42.46411483253589,36.36363636363637,0.0,12.13,75,0.0,0.0,3.9027629554573126e-14,42.46411483253589,36.36363636363637,0.0,,12.13,LOW,Inspect failed streetlights and verify repair status.,high severity; high concentration; increasing trend,75,LOW priority Streetlight hotspot in ward(s) 56: 4 complaints across 2 active months. Associated problems: none detected. Why: high severity; high concentration; increasing trend. Action: Inspect failed streetlights and verify repair status.
64,Streetlight,4,2026-01-18,2026-08-02,4,0.0476190476190476,2.75,23.111301075,79.90552927499999,8,0.0,0.0,0.0,0.0,0.0,7.4074074074074066,7.936507936507938,42.46411483253589,0.0,0.0,11.02,76,0.0,7.4074074074074066,7.9365079365079305,42.46411483253589,0.0,0.0,,11.16,LOW,Inspect failed streetlights and verify repair status.,high severity; long persistence; increasing trend,76,LOW priority Streetlight hotspot in ward(s) 8: 4 complaints across 4 active months. Associated problems: none detected. Why: high severity; long persistence; increasing trend. Action: Inspect failed streetlights and verify repair status.
19,Drainage,5,2026-02-07,2026-08-07,4,-0.1071428571428572,2.0,23.19041702,79.93748626,"26,40",0.772,0.0,1.0,0.0,6.835618952440489,7.4074074074074066,0.0,19.138755980861248,9.090909090909092,16.194671701279635,10.38,77,6.835618952440489,7.4074074074074066,0.0,19.138755980861248,9.090909090909092,16.19467170127963,Waterlogging,10.48,LOW,"Inspect drainage network, blockage points and recurring water-accumulation locations.",high severity; strong connection to other urban problems; long persistence,77,"LOW priority Drainage hotspot in ward(s) 26,40: 5 complaints across 4 active months. Associated problems: Waterlogging. Why: high severity; strong connection to other urban problems; long persistence. Action: Inspect drainage network, blockage points and recurring water-accumulation locations."
32,Garbage Collection,7,2024-05-11,2024-12-08,5,0.0833333333333333,1.5714285714285714,23.1675923,79.91347124285714,19,0.0,0.0,0.0,0.0,17.62142542156315,11.11111111111111,13.888888888888888,5.809979494190022,14.54545454545454,0.0,9.87,78,17.62142542156315,11.11111111111111,13.888888888888879,5.809979494190022,14.545454545454541,0.0,,9.57,LOW,Inspect collection coverage and recurring dumping points; verify collection frequency.,high complaint frequency; long persistence; increasing trend,78,LOW priority Garbage Collection hotspot in ward(s) 19: 7 complaints across 5 active months. Associated problems: none detected. Why: high complaint frequency; long persistence; increasing trend. Action: Inspect collection coverage and recurring dumping points; verify collection frequency.
60,Streetlight,5,2024-01-17,2024-10-01,5,-0.0181818181818181,2.4,23.1623324,79.91219282,7,0.0,0.0,0.0,0.0,6.835618952440489,11.11111111111111,0.0,31.57894736842105,0.0,0.0,9.55,79,6.835618952440489,11.11111111111111,0.0,31.578947368421055,0.0,0.0,,9.56,LOW,Inspect failed streetlights and verify repair status.,high severity; long persistence; high complaint frequency,79,LOW priority Streetlight hotspot in ward(s) 7: 5 complaints across 5 active months. Associated problems: none detected. Why: high severity; long persistence; high complaint frequency. Action: Inspect failed streetlights and verify repair status.
43,Illegal Dumping,5,2026-03-17,2026-08-05,4,-0.1428571428571428,2.2,23.21605696,79.97127208,77,0.0,0.0,0.0,0.0,6.835618952440489,7.4074074074074066,0.0,25.35885167464116,9.090909090909092,0.0,8.54,80,6.835618952440489,7.4074074074074066,0.0,25.35885167464116,9.090909090909092,0.0,,8.49,LOW,Inspect collection coverage and recurring dumping points; verify collection frequency.,high severity; long persistence; high complaint frequency,80,LOW priority Illegal Dumping hotspot in ward(s) 77: 5 complaints across 4 active months. Associated problems: none detected. Why: high severity; long persistence; high complaint frequency. Action: Inspect collection coverage and recurring dumping points; verify collection frequency.
41,Illegal Dumping,4,2024-05-23,2024-10-26,4,0.0571428571428571,1.75,23.21490595,79.9728468,77,0.0,0.0,0.0,0.0,0.0,7.4074074074074066,9.523809523809522,11.363636363636369,0.0,0.0,5.03,81,0.0,7.4074074074074066,9.523809523809513,11.363636363636367,0.0,0.0,,5.18,LOW,Inspect collection coverage and recurring dumping points; verify collection frequency.,high severity; long persistence; increasing trend,81,LOW priority Illegal Dumping hotspot in ward(s) 77: 4 complaints across 4 active months. Associated problems: none detected. Why: high severity; long persistence; increasing trend. Action: Inspect collection coverage and recurring dumping points; verify collection frequency.
31,Garbage Collection,5,2026-03-28,2026-08-17,5,-0.0285714285714285,1.4,23.12820224,79.89762352,18,0.0,0.0,0.0,0.0,6.835618952440489,11.11111111111111,0.0,0.4784688995215294,0.0,0.0,3.33,82,6.835618952440489,11.11111111111111,0.0,0.47846889952152943,0.0,0.0,,3.34,LOW,Inspect collection coverage and recurring dumping points; verify collection frequency.,long persistence; high complaint frequency; high severity,82,LOW priority Garbage Collection hotspot in ward(s) 18: 5 complaints across 5 active months. Associated problems: none detected. Why: long persistence; high complaint frequency; high severity. Action: Inspect collection coverage and recurring dumping points; verify collection frequency.
